{
  "IcoMoonType": "selection",
  "icons": [
    {
      "icon": {
        "paths": [
          "M688.538 136.26c-149.982-149.982-394.752-148.378-546.748 3.618-151.962 151.962-153.6 396.766-3.652 546.748 139.127 139.093 359.799 147.797 512.341 27.068l297.062 297.062 70.554-70.554-297.745-297.745c115.712-152.269 105.438-368.947-31.846-506.197zM660.309 164.489c134.588 134.588 133.12 354.304-3.243 490.667-136.397 136.397-356.079 137.83-490.701 3.243-134.588-134.622-133.12-354.304 3.243-490.667 136.397-136.397 356.079-137.865 490.667-3.243z"
        ],
        "attrs": [
          {}
        ],
        "isMulticolor": false,
        "isMulticolor2": false,
        "grid": 0,
        "tags": [
          "search"
        ],
        "colorPermutations": {
          "159107812552552551436411614441": [
            {}
          ]
        }
      },
      "attrs": [
        {}
      ],
      "properties": {
        "order": 48,
        "id": 7,
        "name": "search",
        "prevSize": 32
      },
      "setIdx": 1,
      "setId": 12,
      "iconIdx": 0
    },
    {
      "icon": {
        "paths": [
          "M1014.17 500.395c0-271.94-223.403-492.407-498.927-492.407-275.558 0-498.927 220.467-498.961 492.407 0 271.94 223.369 492.373 498.961 492.373 275.524 0 498.927-220.433 498.927-492.373zM974.234 500.395c0 250.197-205.483 452.983-459.025 452.983-253.474 0-458.991-202.82-458.991-452.983 0-250.197 205.483-453.018 458.991-453.018 253.542 0 459.025 202.82 459.025 453.018zM435.371 401.886h119.774v334.848h39.936v19.695h-159.676v-19.695h39.936v-315.119h-39.936v-19.695zM575.113 303.411c0-32.597-26.829-59.051-59.87-59.051-33.075 0-59.87 26.453-59.87 59.085l0 0.024c0.251 32.643 26.79 59.028 59.493 59.028 0.121 0 0.241-0 0.343-0.001 33.075 0 59.904-26.419 59.904-59.051z"
        ],
        "attrs": [
          {
            "fill": "rgb(43, 64, 116)"
          }
        ],
        "isMulticolor": false,
        "isMulticolor2": false,
        "grid": 0,
        "tags": [
          "info"
        ],
        "colorPermutations": {
          "159107812552552551436411614441": [
            {
              "f": 1
            }
          ]
        }
      },
      "attrs": [
        {
          "fill": "rgb(43, 64, 116)"
        }
      ],
      "properties": {
        "order": 49,
        "id": 6,
        "name": "info",
        "prevSize": 32
      },
      "setIdx": 1,
      "setId": 12,
      "iconIdx": 1
    }
  ],
  "height": 1024,
  "preferences": {
    "showGlyphs": true,
    "showQuickUse": true,
    "showQuickUse2": true,
    "showSVGs": true,
    "fontPref": {
      "prefix": "icon-",
      "metadata": {
        "fontFamily": "icomoon"
      },
      "metrics": {
        "emSize": 1024,
        "baseline": 6.25,
        "whitespace": 50
      },
      "embed": false
    },
    "imagePref": {
      "prefix": "icon-",
      "png": false,
      "useClassSelector": false,
      "color": 0,
      "bgColor": 16777215,
      "classSelector": ".icon",
      "name": "icomoon",
      "height": 48,
      "columns": 16,
      "margin": 16,
      "autoHost": false,
      "overrideSize": false
    },
    "historySize": 50,
    "showCodes": true,
    "gridSize": 16,
    "quickUsageToken": {
      "UntitledProject": "YmI3MTMzZDgxNmQwOWYzNDBkZGVmY2I4ZjU5N2Y3MzgjMSMxNjcyNzMzOTYwIyMjYTVjZmJlNGM0ZDJm"
    }
  }
}